{
  "id": "1666726",
  "name": "Travel",
  "font_family": "iconfont",
  "css_prefix_text": "icon",
  "description": "learn of Travel imooc",
  "glyphs": [
    {
      "icon_id": "6486525",
      "name": "信息",
      "font_class": "xinxi",
      "unicode": "e606",
      "unicode_decimal": 58886
    },
    {
      "icon_id": "1242734",
      "name": "爱心",
      "font_class": "019",
      "unicode": "e615",
      "unicode_decimal": 58901
    },
    {
      "icon_id": "2453772",
      "name": "卡牌",
      "font_class": "qiapai",
      "unicode": "e60a",
      "unicode_decimal": 58890
    },
    {
      "icon_id": "4784105",
      "name": "任务",
      "font_class": "renwu",
      "unicode": "e656",
      "unicode_decimal": 58966
    },
    {
      "icon_id": "9132000",
      "name": "排行榜",
      "font_class": "paihangbang",
      "unicode": "e624",
      "unicode_decimal": 58916
    },
    {
      "icon_id": "10646970",
      "name": "邀请好友",
      "font_class": "yaoqinghaoyou",
      "unicode": "e61e",
      "unicode_decimal": 58910
    },
    {
      "icon_id": "3705462",
      "name": "地铁",
      "font_class": "ditie",
      "unicode": "e63e",
      "unicode_decimal": 58942
    },
    {
      "icon_id": "7609849",
      "name": "金币",
      "font_class": "xiaochengxu_tubiao-",
      "unicode": "e609",
      "unicode_decimal": 58889
    },
    {
      "icon_id": "902058",
      "name": "分享 (3)",
      "font_class": "fenxiang3",
      "unicode": "e63f",
      "unicode_decimal": 58943
    },
    {
      "icon_id": "1622364",
      "name": "自动修复",
      "font_class": "zidongxiufu",
      "unicode": "e648",
      "unicode_decimal": 58952
    },
    {
      "icon_id": "3777786",
      "name": "升级",
      "font_class": "shengji",
      "unicode": "e62b",
      "unicode_decimal": 58923
    },
    {
      "icon_id": "3864529",
      "name": "皮肤",
      "font_class": "pifu",
      "unicode": "e639",
      "unicode_decimal": 58937
    },
    {
      "icon_id": "5379913",
      "name": "map",
      "font_class": "map",
      "unicode": "e70a",
      "unicode_decimal": 59146
    },
    {
      "icon_id": "7791019",
      "name": "捐赠",
      "font_class": "juanzeng",
      "unicode": "e7ee",
      "unicode_decimal": 59374
    },
    {
      "icon_id": "12773724",
      "name": "f-img",
      "font_class": "f-img",
      "unicode": "e77b",
      "unicode_decimal": 59259
    },
    {
      "icon_id": "1647930",
      "name": "英国",
      "font_class": "yingguo",
      "unicode": "e6cd",
      "unicode_decimal": 59085
    },
    {
      "icon_id": "1647968",
      "name": "日本",
      "font_class": "riben",
      "unicode": "e6d6",
      "unicode_decimal": 59094
    },
    {
      "icon_id": "1647987",
      "name": "中国",
      "font_class": "zhongguo",
      "unicode": "e6dd",
      "unicode_decimal": 59101
    },
    {
      "icon_id": "7596163",
      "name": "Mobile",
      "font_class": "Mobile",
      "unicode": "e62e",
      "unicode_decimal": 58926
    },
    {
      "icon_id": "11891752",
      "name": "pc",
      "font_class": "pc",
      "unicode": "e665",
      "unicode_decimal": 58981
    },
    {
      "icon_id": "924512",
      "name": "search",
      "font_class": "search",
      "unicode": "e93d",
      "unicode_decimal": 59709
    },
    {
      "icon_id": "1309833",
      "name": "更多",
      "font_class": "gengduo",
      "unicode": "e625",
      "unicode_decimal": 58917
    },
    {
      "icon_id": "3216178",
      "name": "书签",
      "font_class": "icon--",
      "unicode": "e75f",
      "unicode_decimal": 59231
    },
    {
      "icon_id": "632315",
      "name": "star",
      "font_class": "star",
      "unicode": "e6a6",
      "unicode_decimal": 59046
    },
    {
      "icon_id": "8777512",
      "name": "arrow_right",
      "font_class": "icon-test",
      "unicode": "e658",
      "unicode_decimal": 58968
    },
    {
      "icon_id": "566360",
      "name": "箭头",
      "font_class": "jiantou",
      "unicode": "e64a",
      "unicode_decimal": 58954
    },
    {
      "icon_id": "7766764",
      "name": "icon_left",
      "font_class": "icon_left",
      "unicode": "eb99",
      "unicode_decimal": 60313
    },
    {
      "icon_id": "7766784",
      "name": "icon_search",
      "font_class": "icon_search",
      "unicode": "eb9c",
      "unicode_decimal": 60316
    }
  ]
}
