{
  "id": "1666726",
  "name": "Travel",
  "font_family": "iconfont",
  "css_prefix_text": "icon",
  "description": "learn of Travel imooc",
  "glyphs": [
    {
      "icon_id": "3216207",
      "name": "播放",
      "font_class": "icon--1",
      "unicode": "e774",
      "unicode_decimal": 59252
    },
    {
      "icon_id": "6850408",
      "name": "互联网",
      "font_class": "hulianwang",
      "unicode": "e611",
      "unicode_decimal": 58897
    },
    {
      "icon_id": "14063793",
      "name": "down",
      "font_class": "down",
      "unicode": "e612",
      "unicode_decimal": 58898
    },
    {
      "icon_id": "5121531",
      "name": "主页",
      "font_class": "zhuye1",
      "unicode": "e64e",
      "unicode_decimal": 58958
    },
    {
      "icon_id": "840782",
      "name": "小米",
      "font_class": "xiaomi",
      "unicode": "e662",
      "unicode_decimal": 58978
    },
    {
      "icon_id": "9295061",
      "name": "置顶",
      "font_class": "zhiding",
      "unicode": "e600",
      "unicode_decimal": 58880
    },
    {
      "icon_id": "4198408",
      "name": "设置",
      "font_class": "shezhi",
      "unicode": "e605",
      "unicode_decimal": 58885
    },
    {
      "icon_id": "4638891",
      "name": "人工服务",
      "font_class": "service",
      "unicode": "e88d",
      "unicode_decimal": 59533
    },
    {
      "icon_id": "8875694",
      "name": "购物车",
      "font_class": "gouwuche",
      "unicode": "e66a",
      "unicode_decimal": 58986
    },
    {
      "icon_id": "1290025",
      "name": "常见问题",
      "font_class": "changjianwenti",
      "unicode": "e6cb",
      "unicode_decimal": 59083
    },
    {
      "icon_id": "5532911",
      "name": "意见反馈",
      "font_class": "yijianfankui",
      "unicode": "e63b",
      "unicode_decimal": 58939
    },
    {
      "icon_id": "10622565",
      "name": "聊天",
      "font_class": "dilanxianxingiconyihuifu_huabanfuben",
      "unicode": "e610",
      "unicode_decimal": 58896
    },
    {
      "icon_id": "594373",
      "name": "活动",
      "font_class": "huodong1",
      "unicode": "e636",
      "unicode_decimal": 58934
    },
    {
      "icon_id": "714393",
      "name": "活动",
      "font_class": "icon",
      "unicode": "e604",
      "unicode_decimal": 58884
    },
    {
      "icon_id": "7826085",
      "name": "close",
      "font_class": "baseline-close-px",
      "unicode": "e617",
      "unicode_decimal": 58903
    },
    {
      "icon_id": "436386",
      "name": "问答",
      "font_class": "57",
      "unicode": "e63a",
      "unicode_decimal": 58938
    },
    {
      "icon_id": "348328",
      "name": "bus",
      "font_class": "bus",
      "unicode": "ea2a",
      "unicode_decimal": 59946
    },
    {
      "icon_id": "1506638",
      "name": "文档",
      "font_class": "wendang",
      "unicode": "e66b",
      "unicode_decimal": 58987
    },
    {
      "icon_id": "3427801",
      "name": "打印",
      "font_class": "icon-",
      "unicode": "e60f",
      "unicode_decimal": 58895
    },
    {
      "icon_id": "5387521",
      "name": "菜单",
      "font_class": "caidan",
      "unicode": "eaf1",
      "unicode_decimal": 60145
    },
    {
      "icon_id": "8361866",
      "name": "主页",
      "font_class": "zhuye",
      "unicode": "e6d3",
      "unicode_decimal": 59091
    },
    {
      "icon_id": "8655870",
      "name": "活动",
      "font_class": "huodong",
      "unicode": "e64d",
      "unicode_decimal": 58957
    },
    {
      "icon_id": "10995685",
      "name": "时间",
      "font_class": "shijian",
      "unicode": "e603",
      "unicode_decimal": 58883
    },
    {
      "icon_id": "3727363",
      "name": "举手回答",
      "font_class": "jushouhuida",
      "unicode": "e601",
      "unicode_decimal": 58881
    },
    {
      "icon_id": "3905296",
      "name": "游戏",
      "font_class": "tubiaozhizuomoban-",
      "unicode": "e602",
      "unicode_decimal": 58882
    },
    {
      "icon_id": "1711575",
      "name": "武汉地铁",
      "font_class": "Wuhan_Metro_Logo",
      "unicode": "e622",
      "unicode_decimal": 58914
    },
    {
      "icon_id": "1711577",
      "name": "大连地铁",
      "font_class": "Dalian_Metro_Logo_Image_Only",
      "unicode": "e623",
      "unicode_decimal": 58915
    },
    {
      "icon_id": "1711581",
      "name": "北京地铁",
      "font_class": "Beijing_Subway_icon",
      "unicode": "e626",
      "unicode_decimal": 58918
    },
    {
      "icon_id": "1711642",
      "name": "沈阳地铁",
      "font_class": "Shenyang_Metro_Corporation_Logo",
      "unicode": "e627",
      "unicode_decimal": 58919
    },
    {
      "icon_id": "1711677",
      "name": "青岛地铁",
      "font_class": "Qingdao_Metro_Logo_without_text",
      "unicode": "e628",
      "unicode_decimal": 58920
    },
    {
      "icon_id": "1711678",
      "name": "福州地铁",
      "font_class": "Fuzhou_Metro_logo",
      "unicode": "e629",
      "unicode_decimal": 58921
    },
    {
      "icon_id": "1711701",
      "name": "南昌地铁",
      "font_class": "nanchangditie",
      "unicode": "e62a",
      "unicode_decimal": 58922
    },
    {
      "icon_id": "3350986",
      "name": "京港地铁",
      "font_class": "BeijingMTRicon",
      "unicode": "e635",
      "unicode_decimal": 58933
    },
    {
      "icon_id": "3351762",
      "name": "厦门地铁",
      "font_class": "Amoy_Metro_logo",
      "unicode": "e640",
      "unicode_decimal": 58944
    },
    {
      "icon_id": "4656459",
      "name": "济南地铁",
      "font_class": "JinanMetro",
      "unicode": "e649",
      "unicode_decimal": 58953
    },
    {
      "icon_id": "5910506",
      "name": "广州地铁",
      "font_class": "guangzhouditie",
      "unicode": "e607",
      "unicode_decimal": 58887
    },
    {
      "icon_id": "5910514",
      "name": "南京地铁",
      "font_class": "nanjingditie",
      "unicode": "e60b",
      "unicode_decimal": 58891
    },
    {
      "icon_id": "5910517",
      "name": "上海地铁",
      "font_class": "shanghaiditie",
      "unicode": "e60c",
      "unicode_decimal": 58892
    },
    {
      "icon_id": "5910518",
      "name": "合肥地铁",
      "font_class": "hefeiditie",
      "unicode": "e60e",
      "unicode_decimal": 58894
    },
    {
      "icon_id": "5910535",
      "name": "长沙地铁",
      "font_class": "changshaditie",
      "unicode": "e616",
      "unicode_decimal": 58902
    },
    {
      "icon_id": "1903287",
      "name": "头像 女孩",
      "font_class": "icon-test1",
      "unicode": "e660",
      "unicode_decimal": 58976
    },
    {
      "icon_id": "1903298",
      "name": "头像 女孩",
      "font_class": "icon-test2",
      "unicode": "e661",
      "unicode_decimal": 58977
    },
    {
      "icon_id": "1903538",
      "name": "头像 女孩",
      "font_class": "icon-test3",
      "unicode": "e663",
      "unicode_decimal": 58979
    },
    {
      "icon_id": "1903700",
      "name": "头像 女孩",
      "font_class": "icon-test4",
      "unicode": "e664",
      "unicode_decimal": 58980
    },
    {
      "icon_id": "1904067",
      "name": "头像 男孩",
      "font_class": "icon-test5",
      "unicode": "e667",
      "unicode_decimal": 58983
    },
    {
      "icon_id": "1904339",
      "name": "头像 男孩",
      "font_class": "icon-test6",
      "unicode": "e668",
      "unicode_decimal": 58984
    },
    {
      "icon_id": "1905159",
      "name": "头像 女孩",
      "font_class": "icon-test7",
      "unicode": "e669",
      "unicode_decimal": 58985
    },
    {
      "icon_id": "1908929",
      "name": "头像 男孩",
      "font_class": "icon-test8",
      "unicode": "e671",
      "unicode_decimal": 58993
    },
    {
      "icon_id": "10709067",
      "name": "火车",
      "font_class": "huoche",
      "unicode": "e60d",
      "unicode_decimal": 58893
    },
    {
      "icon_id": "3401997",
      "name": "亚军",
      "font_class": "yajun",
      "unicode": "e6b0",
      "unicode_decimal": 59056
    },
    {
      "icon_id": "3402022",
      "name": "冠军",
      "font_class": "guanjun",
      "unicode": "e6b1",
      "unicode_decimal": 59057
    },
    {
      "icon_id": "3402049",
      "name": "季军",
      "font_class": "jijun",
      "unicode": "e6b2",
      "unicode_decimal": 59058
    },
    {
      "icon_id": "3872055",
      "name": "收藏",
      "font_class": "shoucang",
      "unicode": "e65a",
      "unicode_decimal": 58970
    },
    {
      "icon_id": "3900173",
      "name": "奖杯",
      "font_class": "jiangbei",
      "unicode": "e608",
      "unicode_decimal": 58888
    },
    {
      "icon_id": "1711788",
      "name": "杭州地铁",
      "font_class": "hangzhouditie",
      "unicode": "e62c",
      "unicode_decimal": 58924
    },
    {
      "icon_id": "6486525",
      "name": "信息",
      "font_class": "xinxi",
      "unicode": "e606",
      "unicode_decimal": 58886
    },
    {
      "icon_id": "1242734",
      "name": "爱心",
      "font_class": "019",
      "unicode": "e615",
      "unicode_decimal": 58901
    },
    {
      "icon_id": "2453772",
      "name": "卡牌",
      "font_class": "qiapai",
      "unicode": "e60a",
      "unicode_decimal": 58890
    },
    {
      "icon_id": "4784105",
      "name": "任务",
      "font_class": "renwu",
      "unicode": "e656",
      "unicode_decimal": 58966
    },
    {
      "icon_id": "9132000",
      "name": "排行榜",
      "font_class": "paihangbang",
      "unicode": "e624",
      "unicode_decimal": 58916
    },
    {
      "icon_id": "10646970",
      "name": "邀请好友",
      "font_class": "yaoqinghaoyou",
      "unicode": "e61e",
      "unicode_decimal": 58910
    },
    {
      "icon_id": "3705462",
      "name": "地铁",
      "font_class": "ditie",
      "unicode": "e63e",
      "unicode_decimal": 58942
    },
    {
      "icon_id": "7609849",
      "name": "金币",
      "font_class": "xiaochengxu_tubiao-",
      "unicode": "e609",
      "unicode_decimal": 58889
    },
    {
      "icon_id": "902058",
      "name": "分享 (3)",
      "font_class": "fenxiang3",
      "unicode": "e63f",
      "unicode_decimal": 58943
    },
    {
      "icon_id": "1622364",
      "name": "自动修复",
      "font_class": "zidongxiufu",
      "unicode": "e648",
      "unicode_decimal": 58952
    },
    {
      "icon_id": "3777786",
      "name": "升级",
      "font_class": "shengji",
      "unicode": "e62b",
      "unicode_decimal": 58923
    },
    {
      "icon_id": "3864529",
      "name": "皮肤",
      "font_class": "pifu",
      "unicode": "e639",
      "unicode_decimal": 58937
    },
    {
      "icon_id": "5379913",
      "name": "map",
      "font_class": "map",
      "unicode": "e70a",
      "unicode_decimal": 59146
    },
    {
      "icon_id": "7791019",
      "name": "捐赠",
      "font_class": "juanzeng",
      "unicode": "e7ee",
      "unicode_decimal": 59374
    },
    {
      "icon_id": "12773724",
      "name": "f-img",
      "font_class": "f-img",
      "unicode": "e77b",
      "unicode_decimal": 59259
    },
    {
      "icon_id": "1647930",
      "name": "英国",
      "font_class": "yingguo",
      "unicode": "e6cd",
      "unicode_decimal": 59085
    },
    {
      "icon_id": "1647968",
      "name": "日本",
      "font_class": "riben",
      "unicode": "e6d6",
      "unicode_decimal": 59094
    },
    {
      "icon_id": "1647987",
      "name": "中国",
      "font_class": "zhongguo",
      "unicode": "e6dd",
      "unicode_decimal": 59101
    },
    {
      "icon_id": "7596163",
      "name": "Mobile",
      "font_class": "Mobile",
      "unicode": "e62e",
      "unicode_decimal": 58926
    },
    {
      "icon_id": "11891752",
      "name": "pc",
      "font_class": "pc",
      "unicode": "e665",
      "unicode_decimal": 58981
    },
    {
      "icon_id": "924512",
      "name": "search",
      "font_class": "search",
      "unicode": "e93d",
      "unicode_decimal": 59709
    },
    {
      "icon_id": "1309833",
      "name": "更多",
      "font_class": "gengduo",
      "unicode": "e625",
      "unicode_decimal": 58917
    },
    {
      "icon_id": "3216178",
      "name": "书签",
      "font_class": "icon--",
      "unicode": "e75f",
      "unicode_decimal": 59231
    },
    {
      "icon_id": "632315",
      "name": "star",
      "font_class": "star",
      "unicode": "e6a6",
      "unicode_decimal": 59046
    },
    {
      "icon_id": "8777512",
      "name": "arrow_right",
      "font_class": "icon-test",
      "unicode": "e658",
      "unicode_decimal": 58968
    },
    {
      "icon_id": "566360",
      "name": "箭头",
      "font_class": "jiantou",
      "unicode": "e64a",
      "unicode_decimal": 58954
    },
    {
      "icon_id": "7766764",
      "name": "icon_left",
      "font_class": "icon_left",
      "unicode": "eb99",
      "unicode_decimal": 60313
    },
    {
      "icon_id": "7766784",
      "name": "icon_search",
      "font_class": "icon_search",
      "unicode": "eb9c",
      "unicode_decimal": 60316
    }
  ]
}
